{"Loss": 332.1151123046875, "_timestamp": 1700513171.1637754, "_runtime": 235.38026642799377, "_step": 9026}